scenario,territory,total
COO,Gaza,0.07228848905714541
COO,West Bank,0.3116588454089226
NCO,Gaza,3.4775085570474764
NCO,Jordan,3.632437949199296
COO,Jordan,7.573297487166109
COO,Israel,10.61294482388677
NCO,West Bank,12.707150165504737
NCO,Israel,14.299151024683958
COO,Total,18.570189645518948
NCO,Total,34.116247696435465
