from_territory,to_territory,value
EGY,GZA,221.64293799294614
GZA,GZA,1465.9834992890235
ISR,GZA,165.86271560735614
ISR,ISR,89898.0185766591
ISR,JOR,0.0
ISR,WBK,574.0894134097869
JOR,ISR,0.0
JOR,JOR,28276.31724272364
JOR,WBK,157.87361243515363
WBK,ISR,0.0
WBK,JOR,0.0
WBK,WBK,6396.84140839166
