from_territory,to_territory,value
EGY,GZA,220.3144175486802
GZA,GZA,1300.2965017793783
ISR,GZA,332.87823356126705
ISR,ISR,89898.0185766591
ISR,JOR,0.0
ISR,WBK,623.8138204345609
JOR,ISR,0.0
JOR,JOR,28276.31724272364
JOR,WBK,104.36831308701683
WBK,ISR,0.0
WBK,JOR,0.0
WBK,WBK,6400.622300715022
