from_territory,to_territory,value
EGY,GZA,0.0
GZA,GZA,1660.210632196797
ISR,GZA,193.27852069252847
ISR,ISR,89898.0185766591
ISR,JOR,0.0
ISR,WBK,337.2612828642464
JOR,ISR,0.0
JOR,JOR,28276.31724272364
JOR,WBK,85.6192265221396
WBK,ISR,0.0
WBK,JOR,0.0
WBK,WBK,6705.923924850214
