from_territory,to_territory,value
EGY,GZA,230.5055280486415
GZA,GZA,556.0467458667898
ISR,GZA,1066.9368789738942
ISR,ISR,57812.21447843606
ISR,JOR,8016.01737310182
ISR,WBK,4120.512648760217
JOR,ISR,32085.804098223045
JOR,JOR,20260.29986962182
JOR,WBK,869.6504552053816
WBK,ISR,0.0
WBK,JOR,0.0
WBK,WBK,2138.6413302710007
