from_territory,to_territory,value
EGY,GZA,1853.4891528893256
GZA,GZA,0.0
ISR,GZA,0.0
ISR,ISR,89898.0185766591
ISR,JOR,4.423327482072637e-12
ISR,WBK,0.0
JOR,ISR,0.0
JOR,JOR,5486.493516102812
JOR,WBK,2138.443361548177
WBK,ISR,0.0
WBK,JOR,22789.823726620823
WBK,WBK,4990.361072688423
