from_territory,to_territory,value
EGY,GZA,233.92215933258095
GZA,GZA,1619.5669935567446
ISR,GZA,0.0
ISR,ISR,89898.0185766591
ISR,JOR,0.0
ISR,WBK,0.0
JOR,ISR,0.0
JOR,JOR,27413.267464597833
JOR,WBK,875.9786760050828
WBK,ISR,0.0
WBK,JOR,863.049778125807
WBK,WBK,6252.825758231517
