from_territory,to_territory,value
EGY,GZA,0.0
GZA,GZA,1853.4891528893256
ISR,GZA,0.0
ISR,ISR,89898.0185766591
ISR,JOR,0.0
ISR,WBK,0.0
JOR,ISR,0.0
JOR,JOR,27413.257986914527
JOR,WBK,875.9786748619272
WBK,ISR,0.0
WBK,JOR,863.0592558091154
WBK,WBK,6252.825759374673
